chunk_id,article_filename,claim,grounds,warrant,mnli_entailment_prob,human_label,notes
792,Revisiting-the-Dunning-Kruger-effect--Composi_2025_Journal-of-Behavioral-and.pdf,The specific mechanisms driving gender differences in self-assessment bias remain unclear.,women are more underconfident in assessing their abilities,"While the text identifies a gender difference in self-assessment, it does not explore the underlying causes of this difference, leaving a gap in understanding the mechanisms involved.",0.8639203906059265,real_gap,Mechanism-of-difference gap consistent with the chunk.
1199,Trust-a-few--Natural-disasters-and-the-dis_2024_Journal-of-Behavioral-and-Ex.pdf,"The non-linear relationship between disaster exposure frequency and trust is not fully explored, particularly for infrequent exposure.",the relationship between the frequency of disaster exposure and trust may not necessarily be linear,"The text suggests a potential non-linear relationship but only provides marginal significance for frequent exposure, leaving the effects of infrequent exposure less understood.",0.973205268383026,real_gap,Author-stated gap; Grounds quote contains the gap cue.
431,Consumers--privacy-concerns-and-price-sett_2025_Journal-of-Behavioral-and-Ex.pdf,The impact of central bank digital currency on consumer privacy in non-Western contexts is unknown.,Central bank digital currency and privacy: A randomized survey experiment,"The study focuses on privacy concerns related to digital currency, but the context or demographic scope is not specified, suggesting a potential gap in understanding its effects outside Western contexts.",0.8678285479545593,not_a_gap,Grounds is a reference title; the 'non-Western' framing is conjured by the model.
556,Return-intentions-of-Ukrainian-refugees--The_2025_Journal-of-Behavioral-and-.pdf,The long-term effects of identity and pride salience manipulations on return intent are unknown.,"Return intent: The effect of dispositional identity and pride, BASELINE only.","The text provides data on immediate effects of identity and pride salience but does not address their persistence over time, leaving long-term impacts unexamined.",0.9180358648300172,real_gap,Baseline-only design implies a real long-term-effects gap.
79,Legal-reforms--norms--and-child-marriage--observa_2026_Journal-of-Behavioral.pdf,The impact of diversified legal texts on actual child marriage rates is unclear.,"Next to the evolution in the legislation, we are interested in whether these also manifest in actual changes in child marriage.","The text discusses the evolution and diversification of legal texts but does not provide evidence on how these changes affect child marriage rates, indicating a gap in understanding the practical impact of legal reforms.",0.948789119720459,real_gap,Authors explicitly frame the question as one they are about to investigate.
164,The-effect-of-trust-and-information-on-hous_2026_Journal-of-Behavioral-and-E.pdf,The role of digital infrastructure in moderating the impact of trust on risky financial market participation in low-wealth groups is unclear.,Trust might influence a person ’ s decision to participate only if entry costs are affordable. The nonlinear effect of social trust on risky asset holdings was significant only in areas where digital infrastructure was well developed.,"The text suggests that digital infrastructure enhances trust's impact on market participation, but does not clarify if this holds true for low-wealth groups where entry costs are a barrier.",0.7829349637031555,unclear,The 'low-wealth groups' specifier is plausible from Grounds but partly extrapolated by the warrant.
319,The-impact-of-process-automation-on_2025_Journal-of-Behavioral-and-Experimen.pdf,The specific effects of automated processes on bonus-relevant performance evaluation and perception of the process are not well understood.,we are not aware of any work investigating the effects of automated processes in bonus-relevant performance evaluation on performance itself or on the perception of the process.,"The text explicitly states a lack of existing research on how automation affects performance and perception in bonus-related evaluations, indicating a gap in understanding these specific impacts.",0.9833070039749146,real_gap,Authors directly state 'we are not aware of any work...'; textbook explicit gap.
308,The-effects-of-party-size-and-dining-dura_2025_Journal-of-Behavioral-and-Exp.pdf,The specific mechanisms by which party size influences tipping behavior remain unclear due to opposing theoretical explanations.,The effect of party size (or table size) has been found in prior research to be both positive and negative in its impact on tipping behavior.,"The text highlights conflicting theories (diffusion-of-responsibility and social pressure) that suggest different outcomes for tipping behavior based on party size, indicating a need for further clarification of these mechanisms.",0.9389288425445556,real_gap,Mixed-evidence pattern is a documented gap class.
295,Incentivizing-participation-with-full-complet_2025_Journal-of-Behavioral-and.pdf,The differential impact of tailored versus standardized financial incentives on diverse populations is not fully understood.,Designing financial incentives tailored to individual economic preferences,"The mention of tailoring incentives suggests variability in effectiveness across different groups, indicating a gap in understanding how these incentives perform in diverse contexts.",0.9552559852600098,not_a_gap,Grounds is only a section heading; the differential-impact framing is fabricated.
878,Happiness-and-willingness-to-c_2025_Journal-of-Behavioral-and-Experimental-E.pdf,The impact of sample demographic differences on the results of Experiment 2 is unclear.,the sample for Experiment 2 has a lot more black participants for unknown reasons,"The demographic imbalance, particularly in race, could influence the outcomes and interpretations of the experiment, yet its effects are not addressed.",0.976086437702179,real_gap,Author-noted methodological caveat that maps to a real interpretation gap.
172,-Beat-the-market---or--Take-care-of-your-savings---Can-lang_2025_Journal-of-.pdf,The specific impact of feminine metaphors in financial advertising on women's financial engagement is unknown.,"changing the language used in financial advertising, particularly by introducing feminine metaphors, could increase the participation of women in the financial market","The text suggests a hypothesis about the potential effect of feminine metaphors but does not provide empirical evidence or results, indicating a gap in understanding the actual impact.",0.9482765793800354,real_gap,Forward-looking hypothesis the paper poses; reasonable gap.
455,Elicitation-bias-in-Multiple-Price-List_2025_Journal-of-Behavioral-and-Exper.pdf,The impact of cognitive load on decision errors in different CL designs remains unclear.,A higher cognitive load may lead to more behavioral anomalies. The level of cognitive load associated with a CL design and elicitation approach depends on the designs and the elicitation approaches themselves.,"The text suggests cognitive load influences decision-making, but does not specify how different CL designs uniquely contribute to decision errors, leaving this relationship unexplored.",0.966263711452484,real_gap,Design-dependence acknowledged in chunk; mechanism gap is fair.
364,Avoiding-cognitive-inconsistency--Experimenta_2025_Journal-of-Behavioral-and.pdf,The impact of socioeconomic and demographic differences on sustainable voucher choice is not fully understood.,"Except for small differences in monthly income, the experimental groups do not differ systematically with respect to their socioeconomic and demographic characteristics","While the groups are mostly similar, the text acknowledges some income differences, suggesting that these could influence the choice of sustainable vouchers, yet this potential impact is not explored.",0.906074285507202,not_a_gap,Authors describe a balance check (similarity) for treatment groups; not a gap statement.
719,Work-meaningfulness-and-eff_2025_Journal-of-Behavioral-and-Experimental-Econ.pdf,The specific mechanisms by which work orientations influence effort and turnover are not fully understood.,Loud or quiet quitting? The influence of work orientations on effort and turnover.,"The title suggests a focus on the influence of work orientations, but does not specify the mechanisms, indicating a gap in understanding how these orientations translate into specific behaviors like effort and turnover.",0.9718939065933228,not_a_gap,Grounds is a paper title only; mechanism-gap is fabricated by the warrant.
837,Pre-merger-performance-and-merger-success_2025_Journal-of-Behavioral-and-Exp.pdf,The specific mechanisms by which cultural differences impact merger and acquisition outcomes are not fully understood.,Do cultural differences matter in mergers and acquisitions? A tentative model and examination.,The mention of a 'tentative model' suggests that the understanding of cultural differences in M&A is still developing and lacks comprehensive mechanisms.,0.913198947906494,real_gap,'Tentative' word does signal an under-developed mechanism account; borderline but defensible.
934,The-Napoleon-complex-revisited--New-eviden_2025_Journal-of-Behavioral-and-Ex.pdf,The impact of referee experience on sanctioning behavior relative to player height is not fully explored.,Fig. 7. Effect heterogeneity: referee experience. Notes: Estimates for 𝛽1 to 𝛽5 with sample split.,The text discusses various factors affecting referee decisions but does not detail how referee experience interacts with player height in influencing sanctioning behavior.,0.9502429366111756,unclear,Figure 7 may actually answer this; without the rest of the chunk we cannot tell.
355,Advancing-openness-in-economic-research-through_2025_Journal-of-Behavioral-a.pdf,"The specific incentives, norms, or institutional structures that could effectively shift researcher behavior towards greater openness in Open Science are not yet fully determined.","Specifying this model may be a helpful exercise for determining which incentives, norms, or institutional structures could shift behavior toward greater openness.","The text suggests that while a model for expected utility in adopting Open Science is proposed, the exact factors that would influence this shift are not yet specified, indicating a gap in understanding these determinants.",0.8990377187728882,real_gap,Authors explicitly call for future specification work.
926,Revisiting-the-Dunning-Kruger-effect--Composi_2025_Journal-of-Behavioral-and.pdf,The impact of varying the number of items on the reliability of the self-assessment index is not fully understood.,the Cronbach ’ s alpha for the self-assessment index is just below 0.7. This could be partially explained by the lower number of items used to create this scale,"The text suggests that the number of items affects reliability, but does not explore how different item counts might change the reliability measure.",0.7960758805274963,real_gap,Methodological limitation mapped to a measurement-design gap.
1261,Gender-and-generosity--How-contribution-informa_2024_Journal-of-Behavioral-a.pdf,The long-term impact of gender-based descriptive social norms on donation behavior is unknown.,observe changes in social behavior over the last 20 years,"While the study examines immediate donation behavior changes, it does not address whether these changes persist over time, especially given the historical context of gender differences in contributions.",0.8544210195541382,real_gap,Persistence-over-time gap is plausible from the cited 20-year framing.
446,Elicitation-bias-in-Multiple-Price-List_2025_Journal-of-Behavioral-and-Exper.pdf,The impact of cognitive ability on decision errors in different cultural contexts is not well understood.,The MSB problem has also been found to be larger in developing countries than in developed countries,"The text suggests variability in decision errors across cultural contexts but does not explore how cognitive ability interacts with these differences, leaving a gap in understanding cultural influences on decision-making.",0.9771178960800172,real_gap,Cross-context variation explicitly noted; cognitive-ability angle is a fair extension.
